label,text
0,filthy
0,filthy
0,"disgusting
"
0,"disgusting
"
0,a mess
0,a mess
0,"a mess
"
0,"a mess
"
0,lack of depth
0,lack of depth
0,"lacks depth
"
0,"lacks depth
"
0,the script
0,the script
0,"the script
"
0,"the script
"
0,Totally awful.
0,Totally awful.
0,"thoroughly awful
"
0,"thoroughly awful
"
0,bad company
0,bad company
0,"bad company
"
0,"bad company
"
0,Weak comedy
0,Weak comedy
0,"feeble comedy
"
0,"feeble comedy
"
0,extremely bad
0,extremely bad
0,"extremely bad
"
0,"extremely bad
"
0,painfully padded
0,painfully padded
0,"painfully padded
"
0,"painfully padded
"
0,"No, I disagree."
0,"No, I disagree."
0,"no
"
0,"no
"
0,eight leg monsters
0,eight leg monsters
0,"eight legged freaks
"
0,"eight legged freaks
"
0,No laughs
0,No laughs
0,"no laughs
"
0,"no laughs
"
0,a tendency to plod
0,a tendency to plod
0,"tends to plod
"
0,"tends to plod
"
0,Surprisingly lame
0,Surprisingly lame
0,"amazingly lame
"
0,"amazingly lame
"
0,It's awful.
0,It's awful.
0,"just dreadful
"
0,"just dreadful
"
0,miammy
0,miammy
0,"crummy
"
0,"crummy
"
0,A lousy movie
0,A lousy movie
0,"one lousy movie
"
0,"one lousy movie
"
0,Absolutely not.
0,Absolutely not.
0,"absolutely not
"
0,"absolutely not
"
0,in this case zero
0,in this case zero
0,"in this case zero
"
0,"in this case zero
"
0,A Resurrection Too Large
0,A Resurrection Too Large
0,"one resurrection too many
"
0,"one resurrection too many
"
0,a pretentious disorder
0,a pretentious disorder
0,"a pretentious mess
"
0,"a pretentious mess
"
0,a pretentious disorder
0,a pretentious disorder
0,"a pretentious mess
"
0,"a pretentious mess
"
0,Every note sounds falsely
0,Every note sounds falsely
0,"every note rings false
"
0,"every note rings false
"
0,This movie sucks.
0,This movie sucks.
0,"this movie sucks
"
0,"this movie sucks
"
0,an absurd spider web
0,an absurd spider web
0,"an absurdist spider web
"
0,"an absurdist spider web
"
0,this movie the biggest problem
0,this movie the biggest problem
0,"this film biggest problem
"
0,"this film biggest problem
"
0,The shit's going on.
0,The shit's going on.
0,"the crap continues
"
0,"the crap continues
"
0,a lame comedy
0,a lame comedy
0,"a lame comedy
"
0,"a lame comedy
"
0,mechanical action
0,mechanical action
0,"action  mechanical
"
0,"action  mechanical
"
0,He hates his characters.
0,He hates his characters.
0,"it hates its characters
"
0,"it hates its characters
"
0,It's really horrible.
0,It's really horrible.
0,"really horrible drek
"
0,"really horrible drek
"
0,the film is without intent
0,the film is without intent
0,"the movie is without intent
"
0,"the movie is without intent
"
0,What an embarrassment!
0,What an embarrassment!
0,"what an embarrassment
"
0,"what an embarrassment
"
0,No surprises
0,No surprises
0,"no surprises
"
0,"no surprises
"
0,hypnotically dull
0,hypnotically dull
0,"hypnotically dull
"
0,"hypnotically dull
"
0,It's a mess.
0,It's a mess.
0,"is a mess
"
0,"is a mess
"
0,It's not original enough
0,It's not original enough
0,"it is not original enough
"
0,"it is not original enough
"
0,It's a new idea.
0,It's a new idea.
0,"this is nt a new idea
"
0,"this is nt a new idea
"
0,the riddle lacks
0,the riddle lacks
0,"enigma lacks it
"
0,"enigma lacks it
"
0,Idiot and ugly
0,Idiot and ugly
0,"idiotic and ugly
"
0,"idiotic and ugly
"
0,Two hours of garbage
0,Two hours of garbage
0,"two hours of junk
"
0,"two hours of junk
"
0,generic spam thriller
0,generic spam thriller
0,"generic thriller junk
"
0,"generic thriller junk
"
0,It's drab.
0,It's drab.
0,"it is drab
"
0,"it is drab
"
0,More tiring than anything
0,More tiring than anything
0,"more tiring than anything
"
0,"more tiring than anything
"
0,less than fresh
0,less than fresh
0,"less than fresh
"
0,"less than fresh
"
0,Disjointed parody
0,Disjointed parody
0,"disjointed parody
"
0,"disjointed parody
"
0,There is a huge shortage of staff.
0,There is a huge shortage of staff.
0,"dramatically lackluster
"
0,"dramatically lackluster
"
0,It's totally bad.
0,It's totally bad.
0,"just plain bad
"
0,"just plain bad
"
0,characters never change
0,characters never change
0,"the characters never change
"
0,"the characters never change
"
0,Idiot
0,Idiot
0,"silly humbuggery
"
0,"silly humbuggery
"
0,very stupid and boring
0,very stupid and boring
0,"very stupid and annoying
"
0,"very stupid and annoying
"
0,a noble failure
0,a noble failure
0,"a noble failure
"
0,"a noble failure
"
0,a sad movie
0,a sad movie
0,"a dreary movie
"
0,"a dreary movie
"
0,an extremely unpleasant film
0,an extremely unpleasant film
0,"an extremely unpleasant film
"
0,"an extremely unpleasant film
"
0,mediocre burkina faso fable
0,mediocre burkina faso fable
0,"mediocre fable from burkina faso
"
0,"mediocre fable from burkina faso
"
0,a major generic waste
0,a major generic waste
0,"a major waste  generic
"
0,"a major waste  generic
"
0,These characters become tedious
0,These characters become tedious
0,"these characters become wearisome
"
0,"these characters become wearisome
"
0,stupid and useless loud noise
0,stupid and useless loud noise
0,"loud  silly  stupid and pointless
"
0,"loud  silly  stupid and pointless
"
0,Really terrible.
0,Really terrible.
0,"truly terrible
"
0,"truly terrible
"
0,commonplace and predictable
0,commonplace and predictable
0,"banal and predictable
"
0,"banal and predictable
"
0,a comedy chai treated suey
0,a comedy chai treated suey
0,"a processed comedy chop suey
"
0,"a processed comedy chop suey
"
0,Wishywashy
0,Wishywashy
0,"wishywashy
"
0,"wishywashy
"
0,the opera on film is never satisfying
0,the opera on film is never satisfying
0,"opera on film is never satisfactory
"
0,"opera on film is never satisfactory
"
0,weird and weird
0,weird and weird
0,"odd and weird
"
0,"odd and weird
"
0,it doesn't work like one or the other
0,it doesn't work like one or the other
0,"it does nt work as either
"
0,"it does nt work as either
"
0,irritating soulsearching trash
0,irritating soulsearching trash
0,"irritating soulsearching garbage
"
0,"irritating soulsearching garbage
"
0,not even what's too committed
0,not even what's too committed
0,"no  even that is too committed
"
0,"no  even that is too committed
"
0,an image that does not move
0,an image that does not move
0,"a moving picture that does not move
"
0,"a moving picture that does not move
"
0,a ugly and revolting film
0,a ugly and revolting film
0,"an ugly  revolting movie
"
0,"an ugly  revolting movie
"
0,the film is a dud
0,the film is a dud
0,"the movie is a dud
"
0,"the movie is a dud
"
0,bass comedy doesn't come much lower
0,bass comedy doesn't come much lower
0,"low comedy does nt come much lower
"
0,"low comedy does nt come much lower
"
0,It's always terrible.
0,It's always terrible.
0,"it is still terrible
"
0,"it is still terrible
"
0,understood and lifeless
0,understood and lifeless
0,"underrehearsed and lifeless
"
0,"underrehearsed and lifeless
"
0,terminal production of dead cervids
0,terminal production of dead cervids
0,"terminally brain dead production
"
0,"terminally brain dead production
"
0,any mood and no movie
0,any mood and no movie
0,"all mood and no movie
"
0,"all mood and no movie
"
0,I don't think so.
0,I don't think so.
0,"i do nt think so
"
0,"i do nt think so
"
0,the drama reveals almost nothing
0,the drama reveals almost nothing
0,"the drama discloses almost nothing
"
0,"the drama discloses almost nothing
"
0,This thing's just a trash can.
0,This thing's just a trash can.
0,"this thing is just garbage
"
0,"this thing is just garbage
"
0,Stupid stress
0,Stupid stress
0,"stress  dumb
"
0,"stress  dumb
"
0,too much power not puffed enough
0,too much power not puffed enough
0,"too much power  not enough puff
"
0,"too much power  not enough puff
"
0,It's splashing without the jokes.
0,It's splashing without the jokes.
0,"it is splash without the jokes
"
0,"it is splash without the jokes
"
0,The pool drowned me in boredom
0,The pool drowned me in boredom
0,"the pool drowned me in boredom
"
0,"the pool drowned me in boredom
"
0,a relative loss
0,a relative loss
0,"a relative letdown
"
0,"a relative letdown
"
0,doesn't add up a lot
0,doesn't add up a lot
0,"does nt add up to much
"
0,"does nt add up to much
"
0,a missed opportunity
0,a missed opportunity
0,"an opportunity missed
"
0,"an opportunity missed
"
0,originality is sorely lacking
0,originality is sorely lacking
0,"originality is sorely lacking
"
0,"originality is sorely lacking
"
0,an ugly and useless stupid movie
0,an ugly and useless stupid movie
0,"an ugly  pointless  stupid movie
"
0,"an ugly  pointless  stupid movie
"
0,a complete waste of time
0,a complete waste of time
0,"a complete waste of time
"
0,"a complete waste of time
"
0,a rather dark case
0,a rather dark case
0,"a rather bland affair
"
0,"a rather bland affair
"
0,I'm gonna do a mess.
0,I'm gonna do a mess.
0,"lrb a rrb mess
"
0,"lrb a rrb mess
"
0,feels simple shrill and soapy
0,feels simple shrill and soapy
0,"feels shrill  simple and soapy
"
0,"feels shrill  simple and soapy
"
0,low rent from frame one
0,low rent from frame one
0,"low rent from frame one
"
0,"low rent from frame one
"
0,Stomach futile scenario
0,Stomach futile scenario
0,"stale  futile scenario
"
0,"stale  futile scenario
"
0,Predictable melodramatics
0,Predictable melodramatics
0,"predictably melodramatic
"
0,"predictably melodramatic
"
0,Lazily uneven tones
0,Lazily uneven tones
0,"sluggish  tonally uneven
"
0,"sluggish  tonally uneven
"
0,"Frankly, it's pretty stupid."
0,"Frankly, it's pretty stupid."
0,"frankly  it is pretty stupid
"
0,"frankly  it is pretty stupid
"
0,like a remake it's a pale imitation
0,like a remake it's a pale imitation
0,"as a remake  it is a pale imitation
"
0,"as a remake  it is a pale imitation
"
0,nothing about this movie works
0,nothing about this movie works
0,"nothing about this movie works
"
0,"nothing about this movie works
"
0,below is well below expectations
0,below is well below expectations
0,"below is well below expectations
"
0,"below is well below expectations
"
0,he fails
0,he fails
0,"he fails
"
0,"he fails
"
0,Everyone is to blame here.
0,Everyone is to blame here.
0,"everyone is to blame here
"
0,"everyone is to blame here
"
0,makechan is boring action sequences
0,makechan is boring action sequences
0,"make chan is action sequences boring
"
0,"make chan is action sequences boring
"
0,pathetic abyss
0,pathetic abyss
0,"abysmally pathetic
"
0,"abysmally pathetic
"
0,some episodes work some do nt
0,some episodes work some do nt
0,"some episodes work  some do nt
"
0,"some episodes work  some do nt
"
0,a well-made hesitation
0,a well-made hesitation
0,"a wellcrafted letdown
"
0,"a wellcrafted letdown
"
0,"by this measure, it is a failure"
0,"by this measure, it is a failure"
0,"by that measure  it is a failure
"
0,"by that measure  it is a failure
"
0,Angst's sinister tale of the middle class
0,Angst's sinister tale of the middle class
0,"dreary tale of middleclass angst
"
0,"dreary tale of middleclass angst
"
0,a great script brings down the wrong direction
0,a great script brings down the wrong direction
0,"a great script brought down by lousy direction
"
0,"a great script brought down by lousy direction
"
0,the qualities that were once fun become irritating
0,the qualities that were once fun become irritating
0,"qualities that were once amusing are becoming irritating
"
0,"qualities that were once amusing are becoming irritating
"
0,It's not very smart.
0,It's not very smart.
0,"it is just not very smart
"
0,"it is just not very smart
"
0,a pretentious disorder bathed
0,a pretentious disorder bathed
0,"a bland  pretentious mess
"
0,"a bland  pretentious mess
"
0,Feels familiar and tired
0,Feels familiar and tired
0,"feels familiar and tired
"
0,"feels familiar and tired
"
0,Friday's not that.
0,Friday's not that.
0,"freaky friday   it is not
"
0,"freaky friday   it is not
"
0,It's all off.
0,It's all off.
0,"everything is off
"
0,"everything is off
"
0,this thing is practically unobservable
0,this thing is practically unobservable
0,"this thing is virtually unwatchable
"
0,"this thing is virtually unwatchable
"
0,Too stupid to take seriously
0,Too stupid to take seriously
0,"too silly to take seriously
"
0,"too silly to take seriously
"
0,quite entertaining but nothing new
0,quite entertaining but nothing new
0,"entertaining enough  but nothing new
"
0,"entertaining enough  but nothing new
"
0,uncomprehensible counter-evidences
0,uncomprehensible counter-evidences
0,"unwieldy contraption
"
0,"unwieldy contraption
"
0,Unfortunately pretentious
0,Unfortunately pretentious
0,"woefully pretentious
"
0,"woefully pretentious
"
0,Execrable
0,Execrable
0,"execrable
"
0,"execrable
"
0,the comedy is non-existent
0,the comedy is non-existent
0,"the comedy is nonexistent
"
0,"the comedy is nonexistent
"
0,seriously rent the disney version
0,seriously rent the disney version
0,"seriously  rent the disney version
"
0,"seriously  rent the disney version
"
0,"Unfortunately, we prefer a simple fire mistake."
0,"Unfortunately, we prefer a simple fire mistake."
0,"unfortunately  we d prefer a simple misfire
"
0,"unfortunately  we d prefer a simple misfire
"
0,Incoherence reigns
0,Incoherence reigns
0,"incoherence reigns
"
0,"incoherence reigns
"
0,simplistic idiotic and tedious
0,simplistic idiotic and tedious
0,"simplistic  silly and tedious
"
0,"simplistic  silly and tedious
"
0,unbearably lame
0,unbearably lame
0,"unbearably lame
"
0,"unbearably lame
"
0,the film is a disorder from beginning to end
0,the film is a disorder from beginning to end
0,"the movie is a mess from start to finish
"
0,"the movie is a mess from start to finish
"
0,a doa dud from the frame a
0,a doa dud from the frame a
0,"a doa dud from frame one
"
0,"a doa dud from frame one
"
0,"a horrible, stinking 99-minute bomb"
0,"a horrible, stinking 99-minute bomb"
0,"a horrible  99minute stink bomb
"
0,"a horrible  99minute stink bomb
"
0,"Unfortunately, it's not even half the point."
0,"Unfortunately, it's not even half the point."
0,"alas  getting there is not even half the interest
"
0,"alas  getting there is not even half the interest
"
0,Regretful slap disaster
0,Regretful slap disaster
0,"pitiful  slapdash disaster
"
0,"pitiful  slapdash disaster
"
0,papon conceité en plein moustache
0,papon conceité en plein moustache
0,"utter mush  conceited pap
"
0,"utter mush  conceited pap
"
0,a small farm melodrama that causes yawning
0,a small farm melodrama that causes yawning
0,"a yawnprovoking little farm melodrama
"
0,"a yawnprovoking little farm melodrama
"
0,pretentious anemic
0,pretentious anemic
0,"anemic  pretentious
"
0,"anemic  pretentious
"
0,nothing too deep or too substantial
0,nothing too deep or too substantial
0,"nothing too deep or substantial
"
0,"nothing too deep or substantial
"
0,although this idea is new the results are tired
0,although this idea is new the results are tired
0,"although this idea is  new  the results are tired
"
0,"although this idea is  new  the results are tired
"
0,It's not interesting.
0,It's not interesting.
0,"it is uninteresting
"
0,"it is uninteresting
"
0,Not that stuffing.
0,Not that stuffing.
0,"not so much farcical as sour
"
0,"not so much farcical as sour
"
0,the story has little mind and no surprises
0,the story has little mind and no surprises
0,"the story has little wit and no surprises
"
0,"the story has little wit and no surprises
"
0,vulgar is too optimistic a title
0,vulgar is too optimistic a title
0,"vulgar is too optimistic a title
"
0,"vulgar is too optimistic a title
"
0,a predictable manipulator stink
0,a predictable manipulator stink
0,"a predictable  manipulative stinker
"
0,"a predictable  manipulative stinker
"
0,That's because relatively nothing happens.
0,That's because relatively nothing happens.
0,"that is because relatively nothing happens
"
0,"that is because relatively nothing happens
"
0,sterile cold and lack of colour or heat
0,sterile cold and lack of colour or heat
0,"cold  sterile and lacking any color or warmth
"
0,"cold  sterile and lacking any color or warmth
"
0,Sufficiently said except film overboard
0,Sufficiently said except film overboard
0,"enough said  except  film overboard
"
0,"enough said  except  film overboard
"
0,a timidity soggy near miss
0,a timidity soggy near miss
0,"a timid  soggy near miss
"
0,"a timid  soggy near miss
"
0,a Hodgepodge of realitysnobbing
0,a Hodgepodge of realitysnobbing
0,"a realitysnubbing hodgepodge
"
0,"a realitysnubbing hodgepodge
"
0,Graidballs mafia actioncomedy
0,Graidballs mafia actioncomedy
0,"greaseballs mob actioncomedy
"
0,"greaseballs mob actioncomedy
"
0,unbearably naive
0,unbearably naive
0,"insufferably naive
"
0,"insufferably naive
"
0,a case without a list and no history
0,a case without a list and no history
0,"a listless and desultory affair
"
0,"a listless and desultory affair
"
0,a negligible British comedy
0,a negligible British comedy
0,"a negligible british comedy
"
0,"a negligible british comedy
"
0,a particular mistake that even tunney it saves
0,a particular mistake that even tunney it saves
0,"a peculiar misfire that even tunney ca nt save
"
0,"a peculiar misfire that even tunney ca nt save
"
0,upper adolescence can become cynical
0,upper adolescence can become cynical
0,"upper teens may get cynical
"
0,"upper teens may get cynical
"
0,Hollywood just finishing up is very funny
0,Hollywood just finishing up is very funny
0,"hollywood ending just is nt very funny
"
0,"hollywood ending just is nt very funny
"
0,but it is also disappointing to some extent
0,but it is also disappointing to some extent
0,"but it is also disappointing to a certain degree
"
0,"but it is also disappointing to a certain degree
"
0,the results are much more alienating than implying
0,the results are much more alienating than implying
0,"the results are far more alienating than involving
"
0,"the results are far more alienating than involving
"
0,eight leg monsters fall flat like a sip
0,eight leg monsters fall flat like a sip
0,"eight legged freaks falls flat as a spoof
"
0,"eight legged freaks falls flat as a spoof
"
0,"stylistically, the film is a disaster"
0,"stylistically, the film is a disaster"
0,"stylistically  the movie is a disaster
"
0,"stylistically  the movie is a disaster
"
0,Should've gone straight to the video.
0,Should've gone straight to the video.
0,"should have gone straight to video
"
0,"should have gone straight to video
"
0,a complete frontal attack against the patience of the public
0,a complete frontal attack against the patience of the public
0,"a fullfrontal attack on audience patience
"
0,"a fullfrontal attack on audience patience
"
0,the film is flat
0,the film is flat
0,"the film is flat
"
0,"the film is flat
"
0,launch smoochy train
0,launch smoochy train
0,"throw smoochy from the train
"
0,"throw smoochy from the train
"
0,makes 98 minutes feel like three hours
0,makes 98 minutes feel like three hours
0,"makes 98 minutes feel like three hours
"
0,"makes 98 minutes feel like three hours
"
0,I didn't smile.
0,I didn't smile.
0,"i did nt smile
"
0,"i did nt smile
"
0,dramatically dull scifi comedy
0,dramatically dull scifi comedy
0,"dismally dull scifi comedy
"
0,"dismally dull scifi comedy
"
0,the story itself is actually quite vague
0,the story itself is actually quite vague
0,"the story itself is actually quite vapid
"
0,"the story itself is actually quite vapid
"
0,shallow noisy and pretentious
0,shallow noisy and pretentious
0,"shallow  noisy and pretentious
"
0,"shallow  noisy and pretentious
"
0,It's just very bad.
0,It's just very bad.
0,"it is just merely very bad
"
0,"it is just merely very bad
"
0,ararat feels like a book report
0,ararat feels like a book report
0,"ararat feels like a book report
"
0,"ararat feels like a book report
"
0,ignore reputation and ignore film
0,ignore reputation and ignore film
0,"ignore the reputation  and ignore the film
"
0,"ignore the reputation  and ignore the film
"
0,a puzzle whose parts do not match
0,a puzzle whose parts do not match
0,"a puzzle whose pieces do not fit
"
0,"a puzzle whose pieces do not fit
"
0,There's nothing news remotely or sexy here.
0,There's nothing news remotely or sexy here.
0,"there is nothing remotely topical or sexy here
"
0,"there is nothing remotely topical or sexy here
"
0,Nothing but a smackdown episode
0,Nothing but a smackdown episode
0,"nothing but an episode of smackdown
"
0,"nothing but an episode of smackdown
"
0,Nothing happens and it happens to flat characters
0,Nothing happens and it happens to flat characters
0,"nothing happens  and it happens to flat characters
"
0,"nothing happens  and it happens to flat characters
"
0,the story is illogical farflung and simple stupid
0,the story is illogical farflung and simple stupid
0,"the story is farflung  illogical  and plain stupid
"
0,"the story is farflung  illogical  and plain stupid
"
0,a rather tired exercise in nostalgia
0,a rather tired exercise in nostalgia
0,"a rather tired exercise in nostalgia
"
0,"a rather tired exercise in nostalgia
"
0,a little more than a well-educated history lesson
0,a little more than a well-educated history lesson
0,"little more than a wellmounted history lesson
"
0,"little more than a wellmounted history lesson
"
0,includes too much obvious padding
0,includes too much obvious padding
0,"includes too much obvious padding
"
0,"includes too much obvious padding
"
0,Send him to the grinch.
0,Send him to the grinch.
0,"just send it to cranky
"
0,"just send it to cranky
"
0,Boiler in bibit pot
0,Boiler in bibit pot
0,"twobit potboiler
"
0,"twobit potboiler
"
0,There is more repetition than creativity in the whole film
0,There is more repetition than creativity in the whole film
0,"there is more repetition than creativity throughout the movie
"
0,"there is more repetition than creativity throughout the movie
"
0,Just a kiss is just a mess
0,Just a kiss is just a mess
0,"just a kiss is a just a waste
"
0,"just a kiss is a just a waste
"
0,overloaded with complicated conspiracies and banal dialogue
0,overloaded with complicated conspiracies and banal dialogue
0,"overburdened with complicated plotting and banal dialogue
"
0,"overburdened with complicated plotting and banal dialogue
"
0,It's always like a prison stretch.
0,It's always like a prison stretch.
0,"it still feels like a prison stretch
"
0,"it still feels like a prison stretch
"
0,the premise itself is just tired soooooo
0,the premise itself is just tired soooooo
0,"the premise itself is just sooooo tired
"
0,"the premise itself is just sooooo tired
"
0,an emaciated grater movie
0,an emaciated grater movie
0,"a grating  emaciated flick
"
0,"a grating  emaciated flick
"
0,feels strangely hollow to his emotional heart
0,feels strangely hollow to his emotional heart
0,"feels strangely hollow at its emotional core
"
0,"feels strangely hollow at its emotional core
"
0,doesn't really add to much
0,doesn't really add to much
0,"does nt really add up to much
"
0,"does nt really add up to much
"
0,lrb lrb soul and useless
0,lrb lrb soul and useless
0,"lrb l rrb ame and unnecessary
"
0,"lrb l rrb ame and unnecessary
"
0,It's not very interesting.
0,It's not very interesting.
0,"on its own  it is not very interesting
"
0,"on its own  it is not very interesting
"
0,a film that loses sight of its own story
0,a film that loses sight of its own story
0,"a film that loses sight of its own story
"
0,"a film that loses sight of its own story
"
0,It's a really bad movie.
0,It's a really bad movie.
0,"this is a truly  truly bad movie
"
0,"this is a truly  truly bad movie
"
0,skip the movie and buy the glass soundtrack of philip cd
0,skip the movie and buy the glass soundtrack of philip cd
0,"skip the film and buy the philip glass soundtrack cd
"
0,"skip the film and buy the philip glass soundtrack cd
"
0,the sweetest thing leaves a terrible sour taste
0,the sweetest thing leaves a terrible sour taste
0,"the sweetest thing leaves an awful sour taste
"
0,"the sweetest thing leaves an awful sour taste
"
0,"Instead, it'll only make you sleep."
0,"Instead, it'll only make you sleep."
0,"instead  it ll only put you to sleep
"
0,"instead  it ll only put you to sleep
"
0,oscar caliber cast is not up to the material
0,oscar caliber cast is not up to the material
0,"oscar caliber cast does nt live up to material
"
0,"oscar caliber cast does nt live up to material
"
0,kitschy flashy overlong soap opera
0,kitschy flashy overlong soap opera
0,"kitschy  flashy  overlong soap opera
"
0,"kitschy  flashy  overlong soap opera
"
0,really feels like a short stretch to the length of the feature
0,really feels like a short stretch to the length of the feature
0,"really does feel like a short stretched out to feature length
"
0,"really does feel like a short stretched out to feature length
"
0,Almost as offensive as Freddy got fingered
0,Almost as offensive as Freddy got fingered
0,"almost as offensive as  freddy got fingered
"
0,"almost as offensive as  freddy got fingered
"
0,suffers from a flat scenario and a low budget
0,suffers from a flat scenario and a low budget
0,"suffers from a flat script and a low budget
"
0,"suffers from a flat script and a low budget
"
0,bottomrung new jack city wantbe
0,bottomrung new jack city wantbe
0,"bottomrung new jack city wannabe
"
0,"bottomrung new jack city wannabe
"
0,Well-intentioned but not original
0,Well-intentioned but not original
0,"wellmeant but unoriginal
"
0,"wellmeant but unoriginal
"
0,low but harmless
0,low but harmless
0,"bland but harmless
"
0,"bland but harmless
"
0,the rest of the film is dudsville
0,the rest of the film is dudsville
0,"the rest of the film  is dudsville
"
0,"the rest of the film  is dudsville
"
0,search for sin americanostyle
0,search for sin americanostyle
0,"lookin  for sin  americanstyle
"
0,"lookin  for sin  americanstyle
"
0,one of the worst films of 2002
0,one of the worst films of 2002
0,"one of the worst films of 2002
"
0,"one of the worst films of 2002
"
0,he never rises to his clever concept of anything
0,he never rises to his clever concept of anything
0,"it never rises to its clever whatif concept
"
0,"it never rises to its clever whatif concept
"
0,a non-mystery mystery
0,a non-mystery mystery
0,"a nonmystery mystery
"
0,"a nonmystery mystery
"
0,pumpy and embossed
0,pumpy and embossed
0,"pompous and garbled
"
0,"pompous and garbled
"
0,a stupid and derived horror movie
0,a stupid and derived horror movie
0,"a dull  dumb and derivative horror film
"
0,"a dull  dumb and derivative horror film
"
0,Sometimes it hurts to watch
0,Sometimes it hurts to watch
0,"at times  it actually hurts to watch
"
0,"at times  it actually hurts to watch
"
0,The piano teacher is not an easy movie
0,The piano teacher is not an easy movie
0,"the piano teacher is not an easy film
"
0,"the piano teacher is not an easy film
"
0,Lassomely derived and hmmily acted
0,Lassomely derived and hmmily acted
0,"tiresomely derivative and hammily acted
"
0,"tiresomely derivative and hammily acted
"
0,It's not too much of anything.
0,It's not too much of anything.
0,"it is not too much of anything
"
0,"it is not too much of anything
"
0,feral and uncomfortable
0,feral and uncomfortable
0,"feral and uncomfortable
"
0,"feral and uncomfortable
"
0,the action is rapidly sinking into the territory of the numbers
0,the action is rapidly sinking into the territory of the numbers
0,"the action quickly sinks into bythenumbers territory
"
0,"the action quickly sinks into bythenumbers territory
"
0,a film that suffers because of its many excesses
0,a film that suffers because of its many excesses
0,"a film that suffers because of its many excesses
"
0,"a film that suffers because of its many excesses
"
0,"Stupid, redundant child snorted on top and amateur"
0,"Stupid, redundant child snorted on top and amateur"
0,"stupid  infantile  redundant  sloppy  overthetop  and amateurish
"
0,"stupid  infantile  redundant  sloppy  overthetop  and amateurish
"
0,Or it could be a fair date movie.
0,Or it could be a fair date movie.
0,"otherwise  this could be a passable date film
"
0,"otherwise  this could be a passable date film
"
0,rashomonfordipsticks tale
0,rashomonfordipsticks tale
0,"rashomonfordipsticks tale
"
0,"rashomonfordipsticks tale
"
0,Phonedin business as usual
0,Phonedin business as usual
0,"phonedin business as usual
"
0,"phonedin business as usual
"
0,soft and disposable
0,soft and disposable
0,"fluffy and disposible
"
0,"fluffy and disposible
"
0,"Too bad, none of this is funny."
0,"Too bad, none of this is funny."
0,"too bad none of it is funny
"
0,"too bad none of it is funny
"
0,It's just kind of lead and dull.
0,It's just kind of lead and dull.
0,"it is just rather leaden and dull
"
0,"it is just rather leaden and dull
"
0,How long is this movie going to be?
0,How long is this movie going to be?
0,"into how long is this movie
"
0,"into how long is this movie
"
0,a cloth bag of clichés
0,a cloth bag of clichés
0,"a ragbag of cliches
"
0,"a ragbag of cliches
"
0,A glaring disappointment
0,A glaring disappointment
0,"lrb a rrb crushing disappointment
"
0,"lrb a rrb crushing disappointment
"
0,as simple and pedestrian as the catup
0,as simple and pedestrian as the catup
0,"as plain and pedestrian as catsup
"
0,"as plain and pedestrian as catsup
"
0,the act is much better
0,the act is much better
0,"the acting is nt much better
"
0,"the acting is nt much better
"
0,There's no energy
0,There's no energy
0,"there is no energy
"
0,"there is no energy
"
0,The drowning's too good for that asshole.
0,The drowning's too good for that asshole.
0,"drowning is too good for this sucker
"
0,"drowning is too good for this sucker
"
0,It floats all around never gains much momentum
0,It floats all around never gains much momentum
0,"it dabbles all around  never gaining much momentum
"
0,"it dabbles all around  never gaining much momentum
"
0,the plot is contrivances are unbearably tense
0,the plot is contrivances are unbearably tense
0,"the plot is contrivances are uncomfortably strained
"
0,"the plot is contrivances are uncomfortably strained
"
0,Do we really need a charade remake?
0,Do we really need a charade remake?
0,"did we really need a remake of  charade
"
0,"did we really need a remake of  charade
"
0,too sapy for his own good
0,too sapy for his own good
0,"too sappy for its own good
"
0,"too sappy for its own good
"
0,There is one reason why half time only lasts fifteen minutes.
0,There is one reason why half time only lasts fifteen minutes.
0,"there is a reason why halftime is only fifteen minutes long
"
0,"there is a reason why halftime is only fifteen minutes long
"
0,Risiblely horrific
0,Risiblely horrific
0,"laughably  irredeemably awful
"
0,"laughably  irredeemably awful
"
0,sentimental disorder that never sounds true
0,sentimental disorder that never sounds true
0,"a sentimental mess that never rings true
"
0,"a sentimental mess that never rings true
"
0,Go back to bed.
0,Go back to bed.
0,"go back to sleep
"
0,"go back to sleep
"
0,happy overlong documentary about lifestyle
0,happy overlong documentary about lifestyle
0,"choppy  overlong documentary about  the lifestyle
"
0,"choppy  overlong documentary about  the lifestyle
"
0,The humor in me spying is so anaemic
0,The humor in me spying is so anaemic
0,"humor in i spy is so anemic
"
0,"humor in i spy is so anemic
"
0,formula with 51st power more like
0,formula with 51st power more like
0,"formulaic to the 51st power  more like
"
0,"formulaic to the 51st power  more like
"
0,the surprisingly enough problem is the scenario
0,the surprisingly enough problem is the scenario
0,"the problem  amazingly enough  is the screenplay
"
0,"the problem  amazingly enough  is the screenplay
"
0,prolonged extrusion of psychopathic pulp
0,prolonged extrusion of psychopathic pulp
0,"a prolonged extrusion of psychopathic pulp
"
0,"a prolonged extrusion of psychopathic pulp
"
0,technotripe without a predictable soul
0,technotripe without a predictable soul
0,"predictably soulless technotripe
"
0,"predictably soulless technotripe
"
0,a sub-formulaic slap in the face with seasonal joy
0,a sub-formulaic slap in the face with seasonal joy
0,"a subformulaic slap in the face to seasonal cheer
"
0,"a subformulaic slap in the face to seasonal cheer
"
0,Ignoring that he did swimfan anyway
0,Ignoring that he did swimfan anyway
0,"ignoring that  he made swimfan anyway
"
0,"ignoring that  he made swimfan anyway
"
0,an unsuccessful attempt at an idea film
0,an unsuccessful attempt at an idea film
0,"an unsuccessful attempt at a movie of ideas
"
0,"an unsuccessful attempt at a movie of ideas
"
0,Hate because it sucks
0,Hate because it sucks
0,"hate it because it is lousy
"
0,"hate it because it is lousy
"
0,strong chaotic and largely unpunished
0,strong chaotic and largely unpunished
0,"loud  chaotic and largely unfunny
"
0,"loud  chaotic and largely unfunny
"
0,We want to get our money back in fact
0,We want to get our money back in fact
0,"wewannour money back  actually
"
0,"wewannour money back  actually
"
0,lrb a badly executed rrb comedy
0,lrb a badly executed rrb comedy
0,"lrb a rrb poorly executed comedy
"
0,"lrb a rrb poorly executed comedy
"
0,It's a completely disparate absurdity.
0,It's a completely disparate absurdity.
0,"it is quite diverting nonsense
"
0,"it is quite diverting nonsense
"
0,We even love their characters.
0,We even love their characters.
0,"we do nt even like their characters
"
0,"we do nt even like their characters
"
0,Rock is a magic wanes
0,Rock is a magic wanes
0,"rock is standup magic wanes
"
0,"rock is standup magic wanes
"
0,meaningless and tasteless and stupid
0,meaningless and tasteless and stupid
0,"witless  pointless  tasteless and idiotic
"
0,"witless  pointless  tasteless and idiotic
"
0,for full dance only
0,for full dance only
0,"for dance completists only
"
0,"for dance completists only
"
0,a clumsy hybrid of genera that doesn't work
0,a clumsy hybrid of genera that doesn't work
0,"an awkward hybrid of genres that just does nt work
"
0,"an awkward hybrid of genres that just does nt work
"
0,rather pity on those who see this mishmash
0,rather pity on those who see this mishmash
0,"rather  pity anyone who sees this mishmash
"
0,"rather  pity anyone who sees this mishmash
"
0,who cares rrb
0,who cares rrb
0,"who cares  rrb
"
0,"who cares  rrb
"
0,It's not a big monster movie.
0,It's not a big monster movie.
0,"it is not a great monster movie
"
0,"it is not a great monster movie
"
0,the length of the characteristics stretch stumps the show is concept
0,the length of the characteristics stretch stumps the show is concept
0,"the featurelength stretch  strains the show is concept
"
0,"the featurelength stretch  strains the show is concept
"
0,as a result of road and a photo of bud
0,as a result of road and a photo of bud
0,"inconsequential roadandbuddy pic
"
0,"inconsequential roadandbuddy pic
"
0,leaks from all pores
0,leaks from all pores
0,"leaks treacle from every pore
"
0,"leaks treacle from every pore
"
0,collapses under its own lean weight
0,collapses under its own lean weight
0,"collapses under its own meager weight
"
0,"collapses under its own meager weight
"
0,almost disturbing
0,almost disturbing
0,"almost peerlessly unsettling
"
0,"almost peerlessly unsettling
"
0,the hanukkah spirit seems fried in the pork
0,the hanukkah spirit seems fried in the pork
0,"the hanukkah spirit seems fried in pork
"
0,"the hanukkah spirit seems fried in pork
"
0,about fifty piles of clichés
0,about fifty piles of clichés
0,"a fifty car pileup of cliches
"
0,"a fifty car pileup of cliches
"
0,and diesel is the actor to save him
0,and diesel is the actor to save him
0,"and diesel is nt the actor to save it
"
0,"and diesel is nt the actor to save it
"
0,It all plays like a tired tyco ad.
0,It all plays like a tired tyco ad.
0,"the whole thing plays like a tired tyco ad
"
0,"the whole thing plays like a tired tyco ad
"
0,There's been too many of these movies before.
0,There's been too many of these movies before.
0,"there is already been too many of these films
"
0,"there is already been too many of these films
"
0,"Irb a painfully flat, grossing comedy rrb"
0,"Irb a painfully flat, grossing comedy rrb"
0,"lrb a rrb painfully flat grossout comedy
"
0,"lrb a rrb painfully flat grossout comedy
"
0,a big blustery movie where nothing really happens
0,a big blustery movie where nothing really happens
0,"one big blustery movie where nothing really happens
"
0,"one big blustery movie where nothing really happens
"
0,but the film itself is finally quite without commitment
0,but the film itself is finally quite without commitment
0,"but the film itself is ultimately quite unengaging
"
0,"but the film itself is ultimately quite unengaging
"
0,the film is as padded as Allen is frozen belly
0,the film is as padded as Allen is frozen belly
0,"the movie is as padded as allen is jelly belly
"
0,"the movie is as padded as allen is jelly belly
"
0,a weak knockoff botsie
0,a weak knockoff botsie
0,"a feeble tootsie knockoff
"
0,"a feeble tootsie knockoff
"
0,an international generic version of a typical American horror film
0,an international generic version of a typical American horror film
0,"a generic international version of a typical american horror film
"
0,"a generic international version of a typical american horror film
"
0,the grant is nt cary and bullock is nt katherine
0,the grant is nt cary and bullock is nt katherine
0,"grant is nt cary and bullock is nt katherine
"
0,"grant is nt cary and bullock is nt katherine
"
0,as in unshakeable ardour and arbitrariness
0,as in unshakeable ardour and arbitrariness
0,"as in aimless  arduous  and arbitrary
"
0,"as in aimless  arduous  and arbitrary
"
0,too clumsy in key moments to make a big splash
0,too clumsy in key moments to make a big splash
0,"too clumsy in key moments  to make a big splash
"
0,"too clumsy in key moments  to make a big splash
"
0,a pale xerox from other best crime movies
0,a pale xerox from other best crime movies
0,"a pale xerox of other  better crime movies
"
0,"a pale xerox of other  better crime movies
"
0,contains very few laughs and even less surprises
0,contains very few laughs and even less surprises
0,"contains very few laughs and even less surprises
"
0,"contains very few laughs and even less surprises
"
0,simplist muddy and more than a little pretentious
0,simplist muddy and more than a little pretentious
0,"muddled  simplistic and more than a little pretentious
"
0,"muddled  simplistic and more than a little pretentious
"
0,"As hot as last week, it's porkballs."
0,"As hot as last week, it's porkballs."
0,"as steamy as last week is pork dumplings
"
0,"as steamy as last week is pork dumplings
"
0,He's not good with people.
0,He's not good with people.
0,"he is not good with people
"
0,"he is not good with people
"
0,constantly slipping from the hand of its creator
0,constantly slipping from the hand of its creator
0,"constantly slips from the grasp of its maker
"
0,"constantly slips from the grasp of its maker
"
0,another week another big academic comedy ugh
0,another week another big academic comedy ugh
0,"another week  another grossout college comedy  ugh
"
0,"another week  another grossout college comedy  ugh
"
0,obnoxious and obvious didactic burlesque
0,obnoxious and obvious didactic burlesque
0,"obvious  obnoxious and didactic burlesque
"
0,"obvious  obnoxious and didactic burlesque
"
0,matter and production itself are only routine
0,matter and production itself are only routine
0,"the material and the production itself are little more than routine
"
0,"the material and the production itself are little more than routine
"
0,vaguely interesting but it's too much
0,vaguely interesting but it's too much
0,"vaguely interesting  but it is just too too much
"
0,"vaguely interesting  but it is just too too much
"
0,ear exercise in the crashandbash action formula
0,ear exercise in the crashandbash action formula
0,"earsplitting exercise in formula crashandbash action
"
0,"earsplitting exercise in formula crashandbash action
"
0,"Their contrast is neither dramatic nor comic, it's just a funny fizzle."
0,"Their contrast is neither dramatic nor comic, it's just a funny fizzle."
0,"their contrast is neither dramatic nor comic  it is just a weird fizzle
"
0,"their contrast is neither dramatic nor comic  it is just a weird fizzle
"
0,in the new guy even the bull gets recycled
0,in the new guy even the bull gets recycled
0,"in the new guy  even the bull gets recycled
"
0,"in the new guy  even the bull gets recycled
"
0,Fire reign has the disadvantage of looking so cheap
0,Fire reign has the disadvantage of looking so cheap
0,"reign of fire has the disadvantage of also looking cheap
"
0,"reign of fire has the disadvantage of also looking cheap
"
0,my own minority report is that it stinks
0,my own minority report is that it stinks
0,"my own minority report is that it stinks
"
0,"my own minority report is that it stinks
"
0,an artefact film with too much exploitation and too little art
0,an artefact film with too much exploitation and too little art
0,"an artsploitation movie with too much exploitation and too little art
"
0,"an artsploitation movie with too much exploitation and too little art
"
0,black and white and unrealistic
0,black and white and unrealistic
0,"blackandwhite and unrealistic
"
0,"blackandwhite and unrealistic
"
1,Look at him.
1,Look at him.
1,"see it
"
1,"see it
"
1,Look at him.
1,Look at him.
1,"see it
"
1,"see it
"
1,big dragons
1,big dragons
1,"great dragons
"
1,"great dragons
"
1,great interaction of character
1,great interaction of character
1,"great character interaction
"
1,"great character interaction
"
1,quietly engaging
1,quietly engaging
1,"quietly engaging
"
1,"quietly engaging
"
1,gently humorous and touching
1,gently humorous and touching
1,"gently humorous and touching
"
1,"gently humorous and touching
"
1,beautifully produced
1,beautifully produced
1,"beautifully produced
"
1,"beautifully produced
"
1,exciting documentary
1,exciting documentary
1,"exciting documentary
"
1,"exciting documentary
"
1,funny and touching
1,funny and touching
1,"funny and touching
"
1,"funny and touching
"
1,and Education
1,and Education
1,"and educational
"
1,"and educational
"
1,Family rate
1,Family rate
1,"family fare
"
1,"family fare
"
1,Bone and beautifully made
1,Bone and beautifully made
1,"daring and beautifully made
"
1,"daring and beautifully made
"
1,very engaging
1,very engaging
1,"highly engaging
"
1,"highly engaging
"
1,the heart of poetry tearing
1,the heart of poetry tearing
1,"poetic  heartbreaking
"
1,"poetic  heartbreaking
"
1,a silent power movie
1,a silent power movie
1,"a film of quiet power
"
1,"a film of quiet power
"
1,an exhilarating experience
1,an exhilarating experience
1,"an exhilarating experience
"
1,"an exhilarating experience
"
1,Art requires live viewing
1,Art requires live viewing
1,"the art demands live viewing
"
1,"the art demands live viewing
"
1,poignant and delicately complex
1,poignant and delicately complex
1,"poignant and delicately complex
"
1,"poignant and delicately complex
"
1,intelligent and moving
1,intelligent and moving
1,"intelligent and moving
"
1,"intelligent and moving
"
1,has a strong emotional impact
1,has a strong emotional impact
1,"has a solid emotional impact
"
1,"has a solid emotional impact
"
1,something for everyone
1,something for everyone
1,"something for everyone
"
1,"something for everyone
"
1,a fascinating and frustrating alternate documentary
1,a fascinating and frustrating alternate documentary
1,"an alternately fascinating and frustrating documentary
"
1,"an alternately fascinating and frustrating documentary
"
1,bring tissue
1,bring tissue
1,"bring tissues
"
1,"bring tissues
"
1,an interesting part of the story
1,an interesting part of the story
1,"an interesting slice of history
"
1,"an interesting slice of history
"
1,poignant and funny
1,poignant and funny
1,"poignant and funny
"
1,"poignant and funny
"
1,And it makes all the difference
1,And it makes all the difference
1,"and that makes all the difference
"
1,"and that makes all the difference
"
1,Steven spielberg brings us another masterpiece
1,Steven spielberg brings us another masterpiece
1,"steven spielberg brings us another masterpiece
"
1,"steven spielberg brings us another masterpiece
"
1,that works
1,that works
1,"that works
"
1,"that works
"
1,the movie grows on you
1,the movie grows on you
1,"the film grows on you
"
1,"the film grows on you
"
1,You need to see him.
1,You need to see him.
1,"you have to see it
"
1,"you have to see it
"
1,remarkable for its intelligence and intensity
1,remarkable for its intelligence and intensity
1,"remarkable for its intelligence and intensity
"
1,"remarkable for its intelligence and intensity
"
1,a tasty masala
1,a tasty masala
1,"a tasty masala
"
1,"a tasty masala
"
1,a funny documentary triumphant and moving
1,a funny documentary triumphant and moving
1,"a funny  triumphant  and moving documentary
"
1,"a funny  triumphant  and moving documentary
"
1,in an art film
1,in an art film
1,"in an art film
"
1,"in an art film
"
1,exhilarating and dense documentary
1,exhilarating and dense documentary
1,"dense  exhilarating documentary
"
1,"dense  exhilarating documentary
"
1,vibrating and intelligent mind
1,vibrating and intelligent mind
1,"witty  vibrant  and intelligent
"
1,"witty  vibrant  and intelligent
"
1,often hilarious
1,often hilarious
1,"often hilarious
"
1,"often hilarious
"
1,It's a masterpiece.
1,It's a masterpiece.
1,"it is a masterpiece
"
1,"it is a masterpiece
"
1,a real pleasure
1,a real pleasure
1,"a true pleasure
"
1,"a true pleasure
"
1,an extraordinary dramatic experience
1,an extraordinary dramatic experience
1,"an extraordinary dramatic experience
"
1,"an extraordinary dramatic experience
"
1,the film offers an intriguing premise
1,the film offers an intriguing premise
1,"the film offers an intriguing whatif premise
"
1,"the film offers an intriguing whatif premise
"
1,very nice
1,very nice
1,"thoroughly enjoyable
"
1,"thoroughly enjoyable
"
1,soft and memorable film
1,soft and memorable film
1,"sweet and memorable film
"
1,"sweet and memorable film
"
1,the three women give remarkable performances
1,the three women give remarkable performances
1,"all three women deliver remarkable performances
"
1,"all three women deliver remarkable performances
"
1,unexpected and often contradictory truths appear
1,unexpected and often contradictory truths appear
1,"unexpected  and often contradictory  truths emerge
"
1,"unexpected  and often contradictory  truths emerge
"
1,It's really a vision.
1,It's really a vision.
1,"it is quite a vision
"
1,"it is quite a vision
"
1,a film of delicate interpersonal dances
1,a film of delicate interpersonal dances
1,"a film of delicate interpersonal dances
"
1,"a film of delicate interpersonal dances
"
1,ken Russell would love that.
1,ken Russell would love that.
1,"ken russell would love this
"
1,"ken russell would love this
"
1,Sexy and romantic
1,Sexy and romantic
1,"sexy and romantic
"
1,"sexy and romantic
"
1,Deliciously rendered
1,Deliciously rendered
1,"delightfully rendered
"
1,"delightfully rendered
"
1,a dazzling dream of a documentary
1,a dazzling dream of a documentary
1,"a dazzling dream of a documentary
"
1,"a dazzling dream of a documentary
"
1,Thriller carefully constructed
1,Thriller carefully constructed
1,"neatly constructed thriller
"
1,"neatly constructed thriller
"
1,it affects sad and reflective fun
1,it affects sad and reflective fun
1,"it is affecting  amusing  sad and reflective
"
1,"it is affecting  amusing  sad and reflective
"
1,a true master of mind
1,a true master of mind
1,"a genuine mindbender
"
1,"a genuine mindbender
"
1,He deserves to be seen everywhere.
1,He deserves to be seen everywhere.
1,"it deserves to be seen everywhere
"
1,"it deserves to be seen everywhere
"
1,a modest masterpiece
1,a modest masterpiece
1,"a modest masterpiece
"
1,"a modest masterpiece
"
1,a picturesque romantic look
1,a picturesque romantic look
1,"a quaint  romanticized rendering
"
1,"a quaint  romanticized rendering
"
1,a success in motion so uneven
1,a success in motion so uneven
1,"a moving  if uneven  success
"
1,"a moving  if uneven  success
"
1,their work is fantastic
1,their work is fantastic
1,"their work is fantastic
"
1,"their work is fantastic
"
1,yes
1,yes
1,"yes
"
1,"yes
"
1,Brave and gentle love story
1,Brave and gentle love story
1,"brave and sweetly rendered love story
"
1,"brave and sweetly rendered love story
"
1,and diesel wine is man
1,and diesel wine is man
1,"and vin diesel is the man
"
1,"and vin diesel is the man
"
1,hot and exotic
1,hot and exotic
1,"warm and exotic
"
1,"warm and exotic
"
1,intelligently written delicately executed
1,intelligently written delicately executed
1,"insightfully written  delicately performed
"
1,"insightfully written  delicately performed
"
1,good appetite
1,good appetite
1,"bon apptit
"
1,"bon apptit
"
1,light but pleasant documentary
1,light but pleasant documentary
1,"slight but enjoyable documentary
"
1,"slight but enjoyable documentary
"
1,Fresh
1,Fresh
1,"cool
"
1,"cool
"
1,wise and elegiac
1,wise and elegiac
1,"wise and elegiac
"
1,"wise and elegiac
"
1,o o o o o o o o o o o o o o o o o o o o o o o o o o o o o o o o o o o o o o o o o o o o o o o o o o o o o o o o o o o o o o o o o o o o o o o o o o o o o o o o o o o o o o o o o o o o o o o o o o o o o o o o o o o o o o o o o o o o o o o o o o o o o o o o o o o o o o o o o o o o o o o o o o o o o o o o o o o o o o o o o o o o o o o o o o o o o o o o o o o o o o o o o o o o o o o o o o o o o o o o o o o o o o o o o o o o o o o o o o o o o o o o o o o o o o o o o o o o o o o o o o o o o o o o o o o o o o o o o o o o o o o o o o o o o o o o o o o o o o o o o o o o o o o o o o o o o o o o o o o o o o o o o o o o o o o o o o o o o o o o o o o o o o o o o o o o o o o o o o o o o o o o o o o o o o o o o o o o o o o o o o o o o o o o o o o o o o o o o o o o o o o o o o o o o o o o o o o o o o o o o o o o o o o o o o o o o o o o o o o o o o o o o o o o o o o o o o o o o o o o o o o o o o o o o o o o o o o o o o o o o o o o o o o o o o o o o o o o o o o o o o o o o o o o o o o o o o o o o o o o o o o o o o o o o o
1,o o o o o o o o o o o o o o o o o o o o o o o o o o o o o o o o o o o o o o o o o o o o o o o o o o o o o o o o o o o o o o o o o o o o o o o o o o o o o o o o o o o o o o o o o o o o o o o o o o o o o o o o o o o o o o o o o o o o o o o o o o o o o o o o o o o o o o o o o o o o o o o o o o o o o o o o o o o o o o o o o o o o o o o o o o o o o o o o o o o o o o o o o o o o o o o o o o o o o o o o o o o o o o o o o o o o o o o o o o o o o o o o o o o o o o o o o o o o o o o o o o o o o o o o o o o o o o o o o o o o o o o o o o o o o o o o o o o o o o o o o o o o o o o o o o o o o o o o o o o o o o o o o o o o o o o o o o o o o o o o o o o o o o o o o o o o o o o o o o o o o o o o o o o o o o o o o o o o o o o o o o o o o o o o o o o o o o o o o o o o o o o o o o o o o o o o o o o o o o o o o o o o o o o o o o o o o o o o o o o o o o o o o o o o o o o o o o o o o o o o o o o o o o o o o o o o o o o o o o o o o o o o o o o o o o o o o o o o o o o o o o o o o o o o o o o o o o o o o o o o o o o o o o o o o o
1,"extreme ops  exceeds expectations
"
1,"extreme ops  exceeds expectations
"
1,"a real smart, funny subtle and resonant winner"
1,"a real smart, funny subtle and resonant winner"
1,"a real winner  smart  funny  subtle  and resonant
"
1,"a real winner  smart  funny  subtle  and resonant
"
1,I like it.
1,I like it.
1,"i like it
"
1,"i like it
"
1,I like it.
1,I like it.
1,"i like it
"
1,"i like it
"
1,the film oozes handicrafts
1,the film oozes handicrafts
1,"the film oozes craft
"
1,"the film oozes craft
"
1,I loved this movie.
1,I loved this movie.
1,"i loved this film
"
1,"i loved this film
"
1,good sound narrative
1,good sound narrative
1,"good  solid storytelling
"
1,"good  solid storytelling
"
1,finely worked finely written exquisitely
1,finely worked finely written exquisitely
1,"finely crafted  finely written  exquisitely performed
"
1,"finely crafted  finely written  exquisitely performed
"
1,psychologically revealing
1,psychologically revealing
1,"psychologically revealing
"
1,"psychologically revealing
"
1,an elegant thriller
1,an elegant thriller
1,"a stylish thriller
"
1,"a stylish thriller
"
1,a film of power and sadness
1,a film of power and sadness
1,"a movie of riveting power and sadness
"
1,"a movie of riveting power and sadness
"
1,Remember that.
1,Remember that.
1,"remember it
"
1,"remember it
"
1,sensitive and brilliantly constructed work
1,sensitive and brilliantly constructed work
1,"a sensitive  moving  brilliantly constructed work
"
1,"a sensitive  moving  brilliantly constructed work
"
1,mordantly funny and intimately knowing
1,mordantly funny and intimately knowing
1,"mordantly funny and intimately knowing
"
1,"mordantly funny and intimately knowing
"
1,a riveting documentary
1,a riveting documentary
1,"a riveting documentary
"
1,"a riveting documentary
"
1,an exceptional and silent action concerning the police dramas
1,an exceptional and silent action concerning the police dramas
1,"an exceptionally acted  quietly affecting cop drama
"
1,"an exceptionally acted  quietly affecting cop drama
"
1,knows how to make our imagination wonder
1,knows how to make our imagination wonder
1,"knows how to make our imagination wonder
"
1,"knows how to make our imagination wonder
"
1,light but attractive
1,light but attractive
1,"lightweight but appealing
"
1,"lightweight but appealing
"
1,many insightful moments
1,many insightful moments
1,"many insightful moments
"
1,"many insightful moments
"
1,the actors are fantastic
1,the actors are fantastic
1,"the actors are fantastic
"
1,"the actors are fantastic
"
1,duvall is strong as always
1,duvall is strong as always
1,"duvall is strong as always
"
1,"duvall is strong as always
"
1,resistance to viva le
1,resistance to viva le
1,"viva le resistance
"
1,"viva le resistance
"
1,You'll probably love him.
1,You'll probably love him.
1,"you ll probably love it
"
1,"you ll probably love it
"
1,Visually captivating
1,Visually captivating
1,"visually captivating
"
1,"visually captivating
"
1,beautiful work piece
1,beautiful work piece
1,"nice piece of work
"
1,"nice piece of work
"
1,an intelligent and convincing drama
1,an intelligent and convincing drama
1,"a smart  compelling drama
"
1,"a smart  compelling drama
"
1,brutal and funny work
1,brutal and funny work
1,"a brutal and funny work
"
1,"a brutal and funny work
"
1,an enthralling fun feature
1,an enthralling fun feature
1,"an enthralling  entertaining feature
"
1,"an enthralling  entertaining feature
"
1,he has a great casting and a good idea
1,he has a great casting and a good idea
1,"he has a great cast and a great idea
"
1,"he has a great cast and a great idea
"
1,very observable things
1,very observable things
1,"highly watchable stuff
"
1,"highly watchable stuff
"
1,this story always seems timely and important
1,this story always seems timely and important
1,"this story still seems timely and important
"
1,"this story still seems timely and important
"
1,There's the truth here.
1,There's the truth here.
1,"there is truth here
"
1,"there is truth here
"
1,Fun and agility
1,Fun and agility
1,"fun and nimble
"
1,"fun and nimble
"
1,Jackson's still observable.
1,Jackson's still observable.
1,"jackson is always watchable
"
1,"jackson is always watchable
"
1,Maryam is more timely now than ever
1,Maryam is more timely now than ever
1,"maryam is more timely now than ever
"
1,"maryam is more timely now than ever
"
1,hilarious and fun exhilarating
1,hilarious and fun exhilarating
1,"exhilarating  funny and fun
"
1,"exhilarating  funny and fun
"
1,a melodrama bewitching
1,a melodrama bewitching
1,"a slick  engrossing melodrama
"
1,"a slick  engrossing melodrama
"
1,a psychological drama absorbing and disturbing
1,a psychological drama absorbing and disturbing
1,"an absorbing and unsettling psychological drama
"
1,"an absorbing and unsettling psychological drama
"
1,put to life on the big screen
1,put to life on the big screen
1,"brought to life on the big screen
"
1,"brought to life on the big screen
"
1,a captivating and infectiously enthusiastic documentary
1,a captivating and infectiously enthusiastic documentary
1,"an engrossing and infectiously enthusiastic documentary
"
1,"an engrossing and infectiously enthusiastic documentary
"
1,Woody Allen really found his groove these days.
1,Woody Allen really found his groove these days.
1,"woody allen has really found his groove these days
"
1,"woody allen has really found his groove these days
"
1,a serious film with serious ideas
1,a serious film with serious ideas
1,"a serious movie with serious ideas
"
1,"a serious movie with serious ideas
"
1,classic cinema served with heart and humour
1,classic cinema served with heart and humour
1,"classic cinema served up with heart and humor
"
1,"classic cinema served up with heart and humor
"
1,its engaging simplicity is animated by attractive tracks
1,its engaging simplicity is animated by attractive tracks
1,"its engaging simplicity is driven by appealing leads
"
1,"its engaging simplicity is driven by appealing leads
"
1,a fascinating story of musical passion against government challenges
1,a fascinating story of musical passion against government challenges
1,"a compelling story of musical passion against governmental odds
"
1,"a compelling story of musical passion against governmental odds
"
1,succeeds in being both very entertaining and uplifting
1,succeeds in being both very entertaining and uplifting
1,"manages to be both hugely entertaining and uplifting
"
1,"manages to be both hugely entertaining and uplifting
"
1,brilliant film intelligent and humanly funny
1,brilliant film intelligent and humanly funny
1,"bright  intelligent  and humanly funny film
"
1,"bright  intelligent  and humanly funny film
"
1,a truly wonderful tale combined with a superb animation
1,a truly wonderful tale combined with a superb animation
1,"a truly wonderful tale combined with stunning animation
"
1,"a truly wonderful tale combined with stunning animation
"
1,intriguing and intoxicating
1,intriguing and intoxicating
1,"intriguing and downright intoxicating
"
1,"intriguing and downright intoxicating
"
1,the heat of the moment prevails
1,the heat of the moment prevails
1,"the heat of the moment prevails
"
1,"the heat of the moment prevails
"
1,It's a very precious film.
1,It's a very precious film.
1,"it is a very valuable film
"
1,"it is a very valuable film
"
1,There's a lot of tooth in Roger Dodger
1,There's a lot of tooth in Roger Dodger
1,"there is a lot of tooth in roger dodger
"
1,"there is a lot of tooth in roger dodger
"
1,Malcolm mcdowell is cool
1,Malcolm mcdowell is cool
1,"malcolm mcdowell is cool
"
1,"malcolm mcdowell is cool
"
1,his rawness and vitality give him a considerable punch
1,his rawness and vitality give him a considerable punch
1,"its rawness and vitality give it considerable punch
"
1,"its rawness and vitality give it considerable punch
"
1,a documentary modestly produced but deeply moving
1,a documentary modestly produced but deeply moving
1,"a modestly made but profoundly moving documentary
"
1,"a modestly made but profoundly moving documentary
"
1,performance is remarkable
1,performance is remarkable
1,"the performances are remarkable
"
1,"the performances are remarkable
"
1,Gives everyone something to scream at
1,Gives everyone something to scream at
1,"gives everyone something to shout about
"
1,"gives everyone something to shout about
"
1,a haunting story of murder and chaos
1,a haunting story of murder and chaos
1,"a haunting tale of murder and mayhem
"
1,"a haunting tale of murder and mayhem
"
1,gratifying
1,gratifying
1,"rewarding
"
1,"rewarding
"
1,a convincing film that illustrates an American tragedy
1,a convincing film that illustrates an American tragedy
1,"a compelling motion picture that illustrates an american tragedy
"
1,"a compelling motion picture that illustrates an american tragedy
"
1,a faster-paced family
1,a faster-paced family
1,"a faster paced family flick
"
1,"a faster paced family flick
"
1,Observable insight
1,Observable insight
1,"compellingly watchable
"
1,"compellingly watchable
"
1,an impeccable study in perversity
1,an impeccable study in perversity
1,"an impeccable study in perversity
"
1,"an impeccable study in perversity
"
1,Surprisingly insightful
1,Surprisingly insightful
1,"surprisingly insightful
"
1,"surprisingly insightful
"
1,"Hey, happy!"
1,"Hey, happy!"
1,"hey  happy
"
1,"hey  happy
"
1,demonstrates the unusual power of thought-provoking subjective cinematography
1,demonstrates the unusual power of thought-provoking subjective cinematography
1,"demonstrates the unusual power of thoughtful  subjective filmmaking
"
1,"demonstrates the unusual power of thoughtful  subjective filmmaking
"
1,I guess the director is a magician.
1,I guess the director is a magician.
1,"i m guessing the director is a magician
"
1,"i m guessing the director is a magician
"
1,a drunken movie
1,a drunken movie
1,"a taut  sobering film
"
1,"a taut  sobering film
"
1,Rather endearing
1,Rather endearing
1,"quite endearing
"
1,"quite endearing
"
1,an intoxicating experience
1,an intoxicating experience
1,"an intoxicating experience
"
1,"an intoxicating experience
"
1,a joyous occasion
1,a joyous occasion
1,"a joyous occasion
"
1,"a joyous occasion
"
1,a triumph of pure craftsmanship and passionate heart
1,a triumph of pure craftsmanship and passionate heart
1,"a triumph of pure craft and passionate heart
"
1,"a triumph of pure craft and passionate heart
"
1,Bring in the sequel
1,Bring in the sequel
1,"bring on the sequel
"
1,"bring on the sequel
"
1,Grab him if you can.
1,Grab him if you can.
1,"catch it  if you can
"
1,"catch it  if you can
"
1,a surprisingly funny movie
1,a surprisingly funny movie
1,"a surprisingly funny movie
"
1,"a surprisingly funny movie
"
1,the film is full of charm
1,the film is full of charm
1,"the film is full of charm
"
1,"the film is full of charm
"
1,They're over there.
1,They're over there.
1,"they re out there
"
1,"they re out there
"
1,a convincing film
1,a convincing film
1,"a compelling film
"
1,"a compelling film
"
1,the repetitions are often more fascinating than the results
1,the repetitions are often more fascinating than the results
1,"rehearsals are frequently more fascinating than the results
"
1,"rehearsals are frequently more fascinating than the results
"
1,the film has the courage of its convictions and excellent performances at its side
1,the film has the courage of its convictions and excellent performances at its side
1,"the film has the courage of its convictions and excellent performances on its side
"
1,"the film has the courage of its convictions and excellent performances on its side
"
1,wise and full of humor
1,wise and full of humor
1,"wise and deadpan humorous
"
1,"wise and deadpan humorous
"
1,has the ability to effect change and inspire hope
1,has the ability to effect change and inspire hope
1,"has the capability of effecting change and inspiring hope
"
1,"has the capability of effecting change and inspiring hope
"
1,a beautifully observed piece of character
1,a beautifully observed piece of character
1,"a beautifully observed character piece
"
1,"a beautifully observed character piece
"
1,the story is fascinating the action is dazzling
1,the story is fascinating the action is dazzling
1,"the history is fascinating  the action is dazzling
"
1,"the history is fascinating  the action is dazzling
"
1,Performance is certainly worth it.
1,Performance is certainly worth it.
1,"certainly the performances are worthwhile
"
1,"certainly the performances are worthwhile
"
1,performance is an absolute joy
1,performance is an absolute joy
1,"the performances are an absolute joy
"
1,"the performances are an absolute joy
"
1,"I'm really, really funny."
1,"I'm really, really funny."
1,"really quite funny
"
1,"really quite funny
"
1,law lead personal tragedy and also human comedy
1,law lead personal tragedy and also human comedy
1,"lawrence plumbs personal tragedy and also the human comedy
"
1,"lawrence plumbs personal tragedy and also the human comedy
"
1,Charlotte is sometimes a brilliant movie
1,Charlotte is sometimes a brilliant movie
1,"charlotte sometimes is a brilliant movie
"
1,"charlotte sometimes is a brilliant movie
"
1,I will be.
1,I will be.
1,"i will be
"
1,"i will be
"
1,It's a nice story told with skill
1,It's a nice story told with skill
1,"it is a likable story  told with competence
"
1,"it is a likable story  told with competence
"
1,a moving and important film
1,a moving and important film
1,"a moving and important film
"
1,"a moving and important film
"
1,a characteristic film in an increasingly important film industry that is worth a look
1,a characteristic film in an increasingly important film industry that is worth a look
1,"a hallmark film in an increasingly important film industry and worth the look
"
1,"a hallmark film in an increasingly important film industry and worth the look
"
1,everyone should be able to appreciate the wonderful cinematography and naturalistic action
1,everyone should be able to appreciate the wonderful cinematography and naturalistic action
1,"everyone should be able to appreciate the wonderful cinematography and naturalistic acting
"
1,"everyone should be able to appreciate the wonderful cinematography and naturalistic acting
"
1,madly hilarious
1,madly hilarious
1,"insanely hilarious
"
1,"insanely hilarious
"
1,a wonder of production design
1,a wonder of production design
1,"a marvel of production design
"
1,"a marvel of production design
"
1,otosallies has a real filmmaker is eye
1,otosallies has a real filmmaker is eye
1,"ottosallies has a real filmmaker is eye
"
1,"ottosallies has a real filmmaker is eye
"
1,drumline captures complicated relationships in a walking band
1,drumline captures complicated relationships in a walking band
1,"drumline ably captures the complicated relationships in a marching band
"
1,"drumline ably captures the complicated relationships in a marching band
"
1,seductive and often funny documentary
1,seductive and often funny documentary
1,"enticing and often funny documentary
"
1,"enticing and often funny documentary
"
1,alternatively frustrating and rewarding
1,alternatively frustrating and rewarding
1,"alternately frustrating and rewarding
"
1,"alternately frustrating and rewarding
"
1,a small jewel of the belgium
1,a small jewel of the belgium
1,"a small gem from belgium
"
1,"a small gem from belgium
"
1,psychologically savvy
1,psychologically savvy
1,"psychologically savvy
"
1,"psychologically savvy
"
1,"Yeah, flying away."
1,"Yeah, flying away."
1,"yes  soar
"
1,"yes  soar
"
1,Wow.
1,Wow.
1,"wow
"
1,"wow
"
1,It's a cool event for the whole family.
1,It's a cool event for the whole family.
1,"it is a cool event for the whole family
"
1,"it is a cool event for the whole family
"
1,an ambitious and if
1,an ambitious and if
1,"an ambitious  what if
"
1,"an ambitious  what if
"
1,Mr Koshashvili is a director to watch
1,Mr Koshashvili is a director to watch
1,"mr koshashvili is a director to watch
"
1,"mr koshashvili is a director to watch
"
1,a study of a gentle and captivating character
1,a study of a gentle and captivating character
1,"a gentle and engrossing character study
"
1,"a gentle and engrossing character study
"
1,generates a huge feeling of empathy for his characters
1,generates a huge feeling of empathy for his characters
1,"generates an enormous feeling of empathy for its characters
"
1,"generates an enormous feeling of empathy for its characters
"
1,topnotch action feeds this romantic drama
1,topnotch action feeds this romantic drama
1,"topnotch action powers this romantic drama
"
1,"topnotch action powers this romantic drama
"
1,a family trip on foot and pleasantly optimistic
1,a family trip on foot and pleasantly optimistic
1,"a fleetfooted and pleasingly upbeat family diversion
"
1,"a fleetfooted and pleasingly upbeat family diversion
"
1,a cold film without oppressive gorilla
1,a cold film without oppressive gorilla
1,"a chilling movie without oppressive gore
"
1,"a chilling movie without oppressive gore
"
1,hard attaching warm attention
1,hard attaching warm attention
1,"hard  endearing  caring  warm
"
1,"hard  endearing  caring  warm
"
1,a solid and unpretentious drama
1,a solid and unpretentious drama
1,"a solid  unassuming drama
"
1,"a solid  unassuming drama
"
1,the film has several strong performances
1,the film has several strong performances
1,"the film has several strong performances
"
1,"the film has several strong performances
"
1,The kidman is making it a party worth being there.
1,The kidman is making it a party worth being there.
1,"nicole kidman makes it a party worth attending
"
1,"nicole kidman makes it a party worth attending
"
1,There's greatness here.
1,There's greatness here.
1,"there is greatness here
"
1,"there is greatness here
"
1,red dragon is entertaining
1,red dragon is entertaining
1,"red dragon  is entertaining
"
1,"red dragon  is entertaining
"
1,has an incomparable and easy joy of living
1,has an incomparable and easy joy of living
1,"has an unmistakable  easy joie de vivre
"
1,"has an unmistakable  easy joie de vivre
"
1,a solid psychological action film by Hong Kong
1,a solid psychological action film by Hong Kong
1,"a solid  psychological action film from hong kong
"
1,"a solid  psychological action film from hong kong
"
1,a beautifully equipped thriller of action on love and terrorism in Korea
1,a beautifully equipped thriller of action on love and terrorism in Korea
1,"a beautifully tooled action thriller about love and terrorism in korea
"
1,"a beautifully tooled action thriller about love and terrorism in korea
"
1,Prepare to marvel again
1,Prepare to marvel again
1,"prepare to marvel again
"
1,"prepare to marvel again
"
1,It's certainly a step in the right direction.
1,It's certainly a step in the right direction.
1,"it is definitely a step in the right direction
"
1,"it is definitely a step in the right direction
"
1,the dangerous lives of the altar boys take adolescence feel painfully true
1,the dangerous lives of the altar boys take adolescence feel painfully true
1,"the dangerous lives of altar boys  take on adolescence feels painfully true
"
1,"the dangerous lives of altar boys  take on adolescence feels painfully true
"
1,it's sweet funny charming and completely delicious
1,it's sweet funny charming and completely delicious
1,"it is sweet  funny  charming  and completely delightful
"
1,"it is sweet  funny  charming  and completely delightful
"
1,Extraordinary beginning of Josh Koury
1,Extraordinary beginning of Josh Koury
1,"extraordinary debut from josh koury
"
1,"extraordinary debut from josh koury
"
1,Lots of surprises
1,Lots of surprises
1,"full of surprises
"
1,"full of surprises
"
1,troubling and powerful
1,troubling and powerful
1,"troubling and powerful
"
1,"troubling and powerful
"
1,a return to the pure magic of the outcome and is pleasant for the family
1,a return to the pure magic of the outcome and is pleasant for the family
1,"a return to pure disney magic and is enjoyable family fare
"
1,"a return to pure disney magic and is enjoyable family fare
"
1,yayas everywhere will forgive flaws and love the movie
1,yayas everywhere will forgive flaws and love the movie
1,"yayas everywhere will forgive the flaws and love the film
"
1,"yayas everywhere will forgive the flaws and love the film
"
1,another entertaining break of robert rodriguez
1,another entertaining break of robert rodriguez
1,"another entertaining romp from robert rodriguez
"
1,"another entertaining romp from robert rodriguez
"
1,looking at these eccentrics is both inspiring and pure joy
1,looking at these eccentrics is both inspiring and pure joy
1,"watching these eccentrics is both inspiring and pure joy
"
1,"watching these eccentrics is both inspiring and pure joy
"
1,really unshakeable
1,really unshakeable
1,"genuinely unnerving
"
1,"genuinely unnerving
"
1,intimate and panoramic
1,intimate and panoramic
1,"intimate and panoramic
"
1,"intimate and panoramic
"
1,much smarter than your average link
1,much smarter than your average link
1,"a lot smarter than your average bond
"
1,"a lot smarter than your average bond
"
1,And there's the inimitable diaz that holds everything together.
1,And there's the inimitable diaz that holds everything together.
1,"and there is the inimitable diaz  holding it all together
"
1,"and there is the inimitable diaz  holding it all together
"
1,a large companion piece for other napoleon films
1,a large companion piece for other napoleon films
1,"a great companion piece to other napoleon films
"
1,"a great companion piece to other napoleon films
"
1,a very entertaining little film
1,a very entertaining little film
1,"a solidly entertaining little film
"
1,"a solidly entertaining little film
"
1,highly recommended viewing for his ideas of courage technical competence and great act
1,highly recommended viewing for his ideas of courage technical competence and great act
1,"highly recommended viewing for its courage  ideas  technical proficiency and great acting
"
1,"highly recommended viewing for its courage  ideas  technical proficiency and great acting
"
1,moving and vibrant
1,moving and vibrant
1,"moving and vibrant
"
1,"moving and vibrant
"
1,can be considered as pure composition and form film as music
1,can be considered as pure composition and form film as music
1,"can be viewed as pure composition and form  film as music
"
1,"can be viewed as pure composition and form  film as music
"
1,that in itself is extraordinary
1,that in itself is extraordinary
1,"that  in itself  is extraordinary
"
1,"that  in itself  is extraordinary
"
1,a surprisingly touching British comedy
1,a surprisingly touching British comedy
1,"a thoroughly engaging  surprisingly touching british comedy
"
1,"a thoroughly engaging  surprisingly touching british comedy
"
1,sex with strangers is fascinating
1,sex with strangers is fascinating
1,"sex with strangers is fascinating
"
1,"sex with strangers is fascinating
"
1,It's a top horror movie.
1,It's a top horror movie.
1,"this is a superior horror flick
"
1,"this is a superior horror flick
"
1,a moving history of determination and human spirit
1,a moving history of determination and human spirit
1,"a moving story of determination and the human spirit
"
1,"a moving story of determination and the human spirit
"
1,There's a lot to recommend reading my lips
1,There's a lot to recommend reading my lips
1,"there is a lot to recommend read my lips
"
1,"there is a lot to recommend read my lips
"
1,work done effortlessly and richly resonating
1,work done effortlessly and richly resonating
1,"an effortlessly accomplished and richly resonant work
"
1,"an effortlessly accomplished and richly resonant work
"
1,systematically intelligent and suspensive
1,systematically intelligent and suspensive
1,"consistently clever and suspenseful
"
1,"consistently clever and suspenseful
"
1,What is a concept that an idea that a thrilling walk
1,What is a concept that an idea that a thrilling walk
1,"what a concept  what an idea  what a thrill ride
"
1,"what a concept  what an idea  what a thrill ride
"
1,nothing but a masterpiece and a challenge
1,nothing but a masterpiece and a challenge
1,"nothing short of a masterpiece  and a challenging one
"
1,"nothing short of a masterpiece  and a challenging one
"
1,it's a satisfying summer blockbuster and is worth a look
1,it's a satisfying summer blockbuster and is worth a look
1,"it is a satisfying summer blockbuster and worth a look
"
1,"it is a satisfying summer blockbuster and worth a look
"
1,I just liked it enough.
1,I just liked it enough.
1,"i liked it just enough
"
1,"i liked it just enough
"
1,as played by ryan gosling danny is a terribly fascinating contradiction
1,as played by ryan gosling danny is a terribly fascinating contradiction
1,"as played by ryan gosling  danny is a frighteningly fascinating contradiction
"
1,"as played by ryan gosling  danny is a frighteningly fascinating contradiction
"
1,this deeply spiritual film draws in the sense and consolation of the communications of the afterlife
1,this deeply spiritual film draws in the sense and consolation of the communications of the afterlife
1,"this deeply spiritual film taps into the meaning and consolation in afterlife communications
"
1,"this deeply spiritual film taps into the meaning and consolation in afterlife communications
"
1,prayer really did justice about him
1,prayer really did justice about him
1,"pray has really done his subject justice
"
1,"pray has really done his subject justice
"
1,a funny popcorn flick
1,a funny popcorn flick
1,"one funny popcorn flick
"
1,"one funny popcorn flick
"
1,works at certain levels and is certainly worth seeing at least once
1,works at certain levels and is certainly worth seeing at least once
1,"works on some levels and is certainly worth seeing at least once
"
1,"works on some levels and is certainly worth seeing at least once
"
1,maryam is a small film but it offers great rewards
1,maryam is a small film but it offers great rewards
1,"maryam is a small film  but it offers large rewards
"
1,"maryam is a small film  but it offers large rewards
"
1,zoom
1,zoom
1,"zoom
"
1,"zoom
"
1,"Yeah, it's as good as you remember."
1,"Yeah, it's as good as you remember."
1,"yes  it is as good as you remember
"
1,"yes  it is as good as you remember
"
1,His sweet touching story infiltrates your heart
1,His sweet touching story infiltrates your heart
1,"its gentle  touching story creeps into your heart
"
1,"its gentle  touching story creeps into your heart
"
1,a gangster movie with the ability to surprise
1,a gangster movie with the ability to surprise
1,"a gangster movie with the capacity to surprise
"
1,"a gangster movie with the capacity to surprise
"
1,a heroic tale of persistence that will certainly win the hearts of the spectators
1,a heroic tale of persistence that will certainly win the hearts of the spectators
1,"a heroic tale of persistence that is sure to win viewers  hearts
"
1,"a heroic tale of persistence that is sure to win viewers  hearts
"
1,a masterful and fiery documentary
1,a masterful and fiery documentary
1,"a wild  endearing  masterful documentary
"
1,"a wild  endearing  masterful documentary
"
1,a jewel of a movie
1,a jewel of a movie
1,"a gem of a movie
"
1,"a gem of a movie
"
1,a film as simple and innocent as you can imagine
1,a film as simple and innocent as you can imagine
1,"as simple and innocent a movie as you can imagine
"
1,"as simple and innocent a movie as you can imagine
"
1,Strangely convincing
1,Strangely convincing
1,"oddly compelling
"
1,"oddly compelling
"
1,If you have patience there are great rewards here
1,If you have patience there are great rewards here
1,"if you ve the patience  there are great rewards here
"
1,"if you ve the patience  there are great rewards here
"
1,is certainly worth 95 minutes of your time
1,is certainly worth 95 minutes of your time
1,"definitely worth 95 minutes of your time
"
1,"definitely worth 95 minutes of your time
"
1,the beautifully choreographed kitchen ballet is simple but absorbent
1,the beautifully choreographed kitchen ballet is simple but absorbent
1,"the beautifully choreographed kitchen ballet is simple but absorbing
"
1,"the beautifully choreographed kitchen ballet is simple but absorbing
"
1,a distinguished and thoughtful film marked by acute writing and a host of splendid performances
1,a distinguished and thoughtful film marked by acute writing and a host of splendid performances
1,"a distinguished and thoughtful film  marked by acute writing and a host of splendid performances
"
1,"a distinguished and thoughtful film  marked by acute writing and a host of splendid performances
"
1,a wonderfully entertaining specimen of spielbergian scifi
1,a wonderfully entertaining specimen of spielbergian scifi
1,"a terrifically entertaining specimen of spielbergian scifi
"
1,"a terrifically entertaining specimen of spielbergian scifi
"
1,for the most part the film holds quite well
1,for the most part the film holds quite well
1,"for the most part  the film does hold up pretty well
"
1,"for the most part  the film does hold up pretty well
"
1,"Actually, it's kind of fun in places."
1,"Actually, it's kind of fun in places."
1,"in fact  it is quite fun in places
"
1,"in fact  it is quite fun in places
"
1,a sense of real magic maybe
1,a sense of real magic maybe
1,"a sense of real magic  perhaps
"
1,"a sense of real magic  perhaps
"
1,a strange and wonderful comedy
1,a strange and wonderful comedy
1,"a weird and wonderful comedy
"
1,"a weird and wonderful comedy
"
1,it is refreshing to see a romance this intelligent
1,it is refreshing to see a romance this intelligent
1,"it is refreshing to see a romance this smart
"
1,"it is refreshing to see a romance this smart
"
1,peppery with a dialogue of mind and inventive moments
1,peppery with a dialogue of mind and inventive moments
1,"peppered with witty dialogue and inventive moments
"
1,"peppered with witty dialogue and inventive moments
"
1,very funny very nice
1,very funny very nice
1,"very funny  very enjoyable
"
1,"very funny  very enjoyable
"
1,better indicator of the year to date
1,better indicator of the year to date
1,"best indie of the year  so far
"
1,"best indie of the year  so far
"
1,one of the best films of the year
1,one of the best films of the year
1,"one of the best movies of the year
"
1,"one of the best movies of the year
"
1,Foster and whitaker are especially good
1,Foster and whitaker are especially good
1,"foster and whitaker are especially fine
"
1,"foster and whitaker are especially fine
"
1,deserves a place of honor next to nanook as a landmark in the history of the film
1,deserves a place of honor next to nanook as a landmark in the history of the film
1,"deserves a place of honor next to nanook as a landmark in film history
"
1,"deserves a place of honor next to nanook as a landmark in film history
"
1,a small film with a great impact
1,a small film with a great impact
1,"a small movie with a big impact
"
1,"a small movie with a big impact
"
1,a superlative b movie funny sexy and fun
1,a superlative b movie funny sexy and fun
1,"a superlative b movie  funny  sexy  and rousing
"
1,"a superlative b movie  funny  sexy  and rousing
"
1,the performances of the four main actresses give life to their characters
1,the performances of the four main actresses give life to their characters
1,"the performances of the four main actresses bring their characters to life
"
1,"the performances of the four main actresses bring their characters to life
"
1,it hits the strongest when it reminds you how relevant its dynamics remain
1,it hits the strongest when it reminds you how relevant its dynamics remain
1,"it strikes hardest  when it reminds you how pertinent its dynamics remain
"
1,"it strikes hardest  when it reminds you how pertinent its dynamics remain
"
1,a tasty aperitif that lets you want more
1,a tasty aperitif that lets you want more
1,"a tasty appetizer that leaves you wanting more
"
1,"a tasty appetizer that leaves you wanting more
"
1,this magnificent epic is guaranteed to lift the minds of the whole family
1,this magnificent epic is guaranteed to lift the minds of the whole family
1,"this gorgeous epic is guaranteed to lift the spirits of the whole family
"
1,"this gorgeous epic is guaranteed to lift the spirits of the whole family
"
1,He's got a lot of laughs.
1,He's got a lot of laughs.
1,"it has plenty of laughs
"
1,"it has plenty of laughs
"
1,"If you love him, you'll like it."
1,"If you love him, you'll like it."
1,"if you love him  you ll like it
"
1,"if you love him  you ll like it
"
1,and your reward will be a thoughtful emotional cinema experience
1,and your reward will be a thoughtful emotional cinema experience
1,"and your reward will be a thoughtful  emotional movie experience
"
1,"and your reward will be a thoughtful  emotional movie experience
"
1,gadgets and cool creatures keep this fresh
1,gadgets and cool creatures keep this fresh
1,"cool gadgets and creatures keep this fresh
"
1,"cool gadgets and creatures keep this fresh
"
1,a power tower of modern cinema
1,a power tower of modern cinema
1,"a tour de force of modern cinema
"
1,"a tour de force of modern cinema
"
1,better appreciated as a fictional work inspired by the events of real life
1,better appreciated as a fictional work inspired by the events of real life
1,"best enjoyed as a work of fiction inspired by reallife events
"
1,"best enjoyed as a work of fiction inspired by reallife events
"
1,enigma looks great to the solid action and a neat premise
1,enigma looks great to the solid action and a neat premise
1,"enigma looks great  has solid acting and a neat premise
"
1,"enigma looks great  has solid acting and a neat premise
"
1,k 19 remains afloat like a decent drama film
1,k 19 remains afloat like a decent drama film
1,"k 19 stays afloat as decent dramaaction flick
"
1,"k 19 stays afloat as decent dramaaction flick
"
1,an Asian neorealistic treasure
1,an Asian neorealistic treasure
1,"an asian neorealist treasure
"
1,"an asian neorealist treasure
"
1,what I saw that I enjoyed
1,what I saw that I enjoyed
1,"what i saw  i enjoyed
"
1,"what i saw  i enjoyed
"
1,an up-to-date overview of the spirit and revolutionary spirit of these artists and their times
1,an up-to-date overview of the spirit and revolutionary spirit of these artists and their times
1,"an edifying glimpse into the wit and revolutionary spirit of these performers and their era
"
1,"an edifying glimpse into the wit and revolutionary spirit of these performers and their era
"
1,a film with a contemporary political resonance illustrated by a winning family story
1,a film with a contemporary political resonance illustrated by a winning family story
1,"a film with contemporary political resonance illustrated by a winning family story
"
1,"a film with contemporary political resonance illustrated by a winning family story
"
1,He's the scariest guy you'll ever see all summer.
1,He's the scariest guy you'll ever see all summer.
1,"he is the scariest guy you ll see all summer
"
1,"he is the scariest guy you ll see all summer
"
1,in the treasure planet of visual fertility rivals with the Japanese animations top of recent vintage
1,in the treasure planet of visual fertility rivals with the Japanese animations top of recent vintage
1,"in visual fertility treasure planet rivals the top japanese animations of recent vintage
"
1,"in visual fertility treasure planet rivals the top japanese animations of recent vintage
"
1,the film shines with the wisdom and humour of its subjects
1,the film shines with the wisdom and humour of its subjects
1,"the film sparkles with the the wisdom and humor of its subjects
"
1,"the film sparkles with the the wisdom and humor of its subjects
"
1,It's so good.
1,It's so good.
1,"it is that good
"
1,"it is that good
"
1,Jackson and Co brought back the value and respect of the term epic cinema
1,Jackson and Co brought back the value and respect of the term epic cinema
1,"jackson and co have brought back the value and respect for the term epic cinema
"
1,"jackson and co have brought back the value and respect for the term epic cinema
"
1,a sentimental but quite irresistible portrait of three aging sisters
1,a sentimental but quite irresistible portrait of three aging sisters
1,"a sentimental but entirely irresistible portrait of three aging sisters
"
1,"a sentimental but entirely irresistible portrait of three aging sisters
"
1,romantic riveting and nicely animated
1,romantic riveting and nicely animated
1,"romantic  riveting and handsomely animated
"
1,"romantic  riveting and handsomely animated
"
1,"questions are realistic, if not always fair;"
1,"questions are realistic, if not always fair;"
1,"matters play out realistically if not always fairly
"
1,"matters play out realistically if not always fairly
"
1,a funny little stop trick.
1,a funny little stop trick.
1,"a weird  arresting little ride
"
1,"a weird  arresting little ride
"
1,don't take anything seriously and enjoy the ride
1,don't take anything seriously and enjoy the ride
1,"take nothing seriously and enjoy the ride
"
1,"take nothing seriously and enjoy the ride
"
1,an escapist confectionery that is pure entertainment
1,an escapist confectionery that is pure entertainment
1,"an escapist confection that is pure entertainment
"
1,"an escapist confection that is pure entertainment
"
1,unpretentious charming original eccentric
1,unpretentious charming original eccentric
1,"unpretentious  charming  quirky  original
"
1,"unpretentious  charming  quirky  original
"
1,it allows its members to make creative contributions to history and dialogue
1,it allows its members to make creative contributions to history and dialogue
1,"he allows his cast members to make creative contributions to the story and dialogue
"
1,"he allows his cast members to make creative contributions to the story and dialogue
"
1,a richly devastating and emotional work and 2002 is the first great film
1,a richly devastating and emotional work and 2002 is the first great film
1,"a confident  richly acted  emotionally devastating piece of work and 2002 is first great film
"
1,"a confident  richly acted  emotionally devastating piece of work and 2002 is first great film
"
1,strange and beautiful film
1,strange and beautiful film
1,"strange and beautiful film
"
1,"strange and beautiful film
"
1,hoffman is the performance is authentic at the heart of his being
1,hoffman is the performance is authentic at the heart of his being
1,"hoffman is performance is authentic to the core of his being
"
1,"hoffman is performance is authentic to the core of his being
"
1,an admirable film sometimes exceptional
1,an admirable film sometimes exceptional
1,"an admirable  sometimes exceptional film
"
1,"an admirable  sometimes exceptional film
"
1,oldshode but very satisfying entertainment
1,oldshode but very satisfying entertainment
1,"oldfashioned but thoroughly satisfying entertainment
"
1,"oldfashioned but thoroughly satisfying entertainment
"
1,one of the most entertaining monster movies in the ages
1,one of the most entertaining monster movies in the ages
1,"one of the most entertaining monster movies in ages
"
1,"one of the most entertaining monster movies in ages
"
1,easily one of the best and most exciting movies of the year
1,easily one of the best and most exciting movies of the year
1,"easily one of the best and most exciting movies of the year
"
1,"easily one of the best and most exciting movies of the year
"
1,a movie of ideas and wry comics mayhem
1,a movie of ideas and wry comics mayhem
1,"a film of ideas and wry comic mayhem
"
1,"a film of ideas and wry comic mayhem
"
1,ferrara is the strongest and most touching film in recent years
1,ferrara is the strongest and most touching film in recent years
1,"ferrara is strongest and most touching movie of recent years
"
1,"ferrara is strongest and most touching movie of recent years
"
1,a nice piece of escapist entertainment
1,a nice piece of escapist entertainment
1,"a pleasant piece of escapist entertainment
"
1,"a pleasant piece of escapist entertainment
"
1,It's a wonderful drunken heart drama.
1,It's a wonderful drunken heart drama.
1,"it is a wonderful  sobering  heartfelt drama
"
1,"it is a wonderful  sobering  heartfelt drama
"
1,a living testimony of the power of the eccentric and the strange
1,a living testimony of the power of the eccentric and the strange
1,"a living testament to the power of the eccentric and the strange
"
1,"a living testament to the power of the eccentric and the strange
"
1,He looks at them as they float in the seas of their personalities.
1,He looks at them as they float in the seas of their personalities.
1,"he watches them as they float within the seas of their personalities
"
1,"he watches them as they float within the seas of their personalities
"
1,sleek and arty
1,sleek and arty
1,"sleek and arty
"
1,"sleek and arty
"
1,This is the philosophy illustrated by daily events
1,This is the philosophy illustrated by daily events
1,"it is philosophy  illustrated through everyday events
"
1,"it is philosophy  illustrated through everyday events
"
1,a piece of mood finely tuned a pattern of threatening atmosphere
1,a piece of mood finely tuned a pattern of threatening atmosphere
1,"a finely tuned mood piece  a model of menacing atmosphere
"
1,"a finely tuned mood piece  a model of menacing atmosphere
"
1,beautifully directed and convincingly acting
1,beautifully directed and convincingly acting
1,"beautifully directed and convincingly acted
"
1,"beautifully directed and convincingly acted
"
1,it is a wise and powerful story of race and culture told with strength with superb performances throughout
1,it is a wise and powerful story of race and culture told with strength with superb performances throughout
1,"it is a wise and powerful tale of race and culture forcefully told  with superb performances throughout
"
1,"it is a wise and powerful tale of race and culture forcefully told  with superb performances throughout
"
1,a rising master's piece
1,a rising master's piece
1,"an uplifting  nearmasterpiece
"
1,"an uplifting  nearmasterpiece
"
1,well-structured polished film
1,well-structured polished film
1,"polished  wellstructured film
"
1,"polished  wellstructured film
"
1,That's cute.
1,That's cute.
1,"it is sweet
"
1,"it is sweet
"
1,"It's fun, but it's a real scream."
1,"It's fun, but it's a real scream."
1,"it is fun  but it is a real howler
"
1,"it is fun  but it is a real howler
"
1,deliciously slow
1,deliciously slow
1,"deliciously slow
"
1,"deliciously slow
"
1,wonderfully entertaining and joyfully delusional documentary
1,wonderfully entertaining and joyfully delusional documentary
1,"marvelously entertaining and deliriously joyous documentary
"
1,"marvelously entertaining and deliriously joyous documentary
"
1,a look to know about female friendship pinned with raw urban humour
1,a look to know about female friendship pinned with raw urban humour
1,"a knowing look at female friendship  spiked with raw urban humor
"
1,"a knowing look at female friendship  spiked with raw urban humor
"
1,much more pleasant than his predecessor
1,much more pleasant than his predecessor
1,"far more enjoyable than its predecessor
"
1,"far more enjoyable than its predecessor
"
1,funny sensual and at the end very touching
1,funny sensual and at the end very touching
1,"sensual  funny and  in the end  very touching
"
1,"sensual  funny and  in the end  very touching
"
1,Fantastic casting and solid execution give life to the three stories
1,Fantastic casting and solid execution give life to the three stories
1,"terrific casting and solid execution give all three stories life
"
1,"terrific casting and solid execution give all three stories life
"
1,griffin co manages to be spectacularly scandalous
1,griffin co manages to be spectacularly scandalous
1,"griffin  co manage to be spectacularly outrageous
"
1,"griffin  co manage to be spectacularly outrageous
"
1,a christmas vaudeville manicly generous
1,a christmas vaudeville manicly generous
1,"a manically generous christmas vaudeville
"
1,"a manically generous christmas vaudeville
"
1,the plot weaves us in a complex canvas
1,the plot weaves us in a complex canvas
1,"the plot weaves us into a complex web
"
1,"the plot weaves us into a complex web
"
1,a film cursedly beautiful and truly distinctive and deeply relevant
1,a film cursedly beautiful and truly distinctive and deeply relevant
1,"a damn fine and a truly distinctive and a deeply pertinent film
"
1,"a damn fine and a truly distinctive and a deeply pertinent film
"
1,These people will really love the piano teacher.
1,These people will really love the piano teacher.
1,"these people are really going to love the piano teacher
"
1,"these people are really going to love the piano teacher
"
1,Parris performance is credible and remarkably mature
1,Parris performance is credible and remarkably mature
1,"parris  performance is credible and remarkably mature
"
1,"parris  performance is credible and remarkably mature
"
1,an impressive hybrid
1,an impressive hybrid
1,"an impressive hybrid
"
1,"an impressive hybrid
"
1,drama of temptation salvation and good intentions is a thoughtful examination of faith love and power
1,drama of temptation salvation and good intentions is a thoughtful examination of faith love and power
1,"drama of temptation  salvation and good intentions is a thoughtful examination of faith  love and power
"
1,"drama of temptation  salvation and good intentions is a thoughtful examination of faith  love and power
"
1,takes a fresh and absorbing look at a figure whose legacy had begun to sunbathe
1,takes a fresh and absorbing look at a figure whose legacy had begun to sunbathe
1,"takes a fresh and absorbing look at a figure whose legacy had begun to bronze
"
1,"takes a fresh and absorbing look at a figure whose legacy had begun to bronze
"
1,It's one of the exceptional thrillers of the last few years.
1,It's one of the exceptional thrillers of the last few years.
1,"this is one of the outstanding thrillers of recent years
"
1,"this is one of the outstanding thrillers of recent years
"
1,it allows each character to face their problems openly and honestly
1,it allows each character to face their problems openly and honestly
1,"she allows each character to confront their problems openly and honestly
"
1,"she allows each character to confront their problems openly and honestly
"
1,As Brosnan is the performance vevelyn comes from the heart
1,As Brosnan is the performance vevelyn comes from the heart
1,"like brosnan is performance  evelyn comes from the heart
"
1,"like brosnan is performance  evelyn comes from the heart
"
1,ferrara is the best movie of the years
1,ferrara is the best movie of the years
1,"ferrara is best film in years
"
1,"ferrara is best film in years
"
1,affectionate and affectionate pleasure
1,affectionate and affectionate pleasure
1,"a wry  affectionate delight
"
1,"a wry  affectionate delight
"
